Workbook

Sheet Inputs
A1: Instagram set · inputs for one release
A2: Blue cells on yellow are yours to fill. Everything else in this workbook is a formula. Change mechanic to draw to see the draw set.
A3: Field | B3: Value | C3: What it is
A4: artist | B4: Grayson Perry | C4: full name
A5: handle | B5: alanmeasles | C5: Instagram handle, blank if none
A6: hashtag | B6: GraysonPerry | C6: used on the announcement only; blank for none
A7: ordinal | B7: latest | C7: debut, latest or second
A8: title | B8: The Changeling | C8: exactly as it appears; for a series with one shared title, give the series name
A9: is_series | B9: no | C9: yes when the works share one title
A10: edition_phrase | B10: a new limited edition print | C10: e.g. a trio of limited edition prints; six new limited edition prints
A11: works | B11: 1 | C11: number of works
A12: mechanic | B12: timed | C12: timed or draw
A13: window | B13: one week | C13: 48 hours or one week; timed only
A14: launch_date | B14: 30 April | C14: day and month, no ordinal
A15: launch_time | B15: 14:00 UK time | C15: 24-hour, always UK time
A16: close_date | B16: 7 May
A17: close_time | B17: 14:00 UK time
A18: beneficiary | B18: the Foundling Museum | C18: blank if none
A19: beneficiary_handle | B19: foundlingmuseum | C19: blank if none
A21: Fragments, written once per release
A22: bio | B22: Grayson Perry has long been one of the most distinctive voices in contemporary British art. Working across ceramics, tapestry, print and sculpture, his practice examines identity, class, and gender in modern society. Drawing on autobiography as well as social observation, Grayson often pairs the decorative language of traditional craft with direct commentary on the structures and contradictions that shape everyday life. | C22: 2 to 3 sentences on the artist, third person, no handle. Coming Soon only.
A23: hook | B23: Created exclusively for the Foundling Museum, this edition portrays a child as a symbol of modern youth, exploring how technology shapes today's generations and supporting the museum's mission to celebrate children in care. | C23: 1 to 2 sentences on the work; the same hook the email uses. Announcement only.
A24: making | B24: To create the edition, our printmakers at Make-Ready (@make__ready) translated a new design into a 9-colour silkscreen, capturing the vivid detail of Grayson's drawing style. | C24: one sentence on how it was made, naming Make-Ready. Sustain only.
A25: quote | B25: Beauty and seriousness are perhaps the most shocking tactics left to artists these days. | C25: verbatim, a complete sentence, or blank to skip the second sustain post
A27: Derived (formulas, do not edit)
A28: named | B28: =$B$4&IF($B$5="","", " (@"&$B$5&")") | C28: artist with handle
A29: work | B29: =IF($B$9="yes","the "&$B$8&" series","‘"&$B$8&"’") | C29: the title in quotes, or the series
A30: Work | B30: =UPPER(LEFT($B$29,1))&MID($B$29,2,999) | C30: the same, capitalised for the start of a sentence
A31: beneficiary_tagged | B31: =IF($B$18="","",$B$18&IF($B$19="",""," (@"&$B$19&")")) | C31: beneficiary with handle
A32: bio_tagged | B32: =IF($B$5="",$B$22,SUBSTITUTE($B$22,$B$4,$B$28,1)) | C32: the bio with the handle after the first mention of the name
A33: hook_tagged | B33: =IF($B$31="",$B$23,SUBSTITUTE($B$23,$B$18,$B$31,1)) | C33: the hook with the beneficiary tagged
A34: hook_names_beneficiary | B34: =IF($B$18="",FALSE,ISNUMBER(SEARCH($B$18,$B$23))) | C34: TRUE when the hook already names the beneficiary, so the edition line will not

Sheet Lines
A1: The fixed sentences, with the placeholders they take
A2: This is the whole system's copy. Edit a blue cell to change every future post. Column C fills the placeholders from Inputs.
A3: Key | B3: Line, with placeholders | C3: Filled from Inputs
A4: coming soon · status | B4: Our {ordinal} collaboration is on the horizon. | C4: =SUBSTITUTE(SUBSTITUTE(SUBSTITUTE(SUBSTITUTE(SUBSTITUTE(SUBSTITUTE(SUBSTITUTE(SUBSTITUTE(SUBSTITUTE(SUBSTITUTE(SUBSTITUTE(SUBSTITUTE(SUBSTITUTE(SUBSTITUTE(B4,"{artist}",Inputs!$B$4),"{named}",Inputs!$B$28),"{work}",Inputs!$B$29),"{Work}",Inputs!$B$30),"{edition_phrase}",Inputs!$B$10),"{ordinal}",Inputs!$B$7),"{window}",Inputs!$B$13),"{launch_date}",Inputs!$B$14),"{launch_time}",Inputs!$B$15),"{close_date}",Inputs!$B$16),"{close_time}",Inputs!$B$17),"{beneficiary_tagged}",Inputs!$B$31),"{quote}",Inputs!$B$25),"{hashtag}",Inputs!$B$6)
A5: announce · status | B5: Announcing {work}, {edition_phrase} by {named}. | C5: =SUBSTITUTE(SUBSTITUTE(SUBSTITUTE(SUBSTITUTE(SUBSTITUTE(SUBSTITUTE(SUBSTITUTE(SUBSTITUTE(SUBSTITUTE(SUBSTITUTE(SUBSTITUTE(SUBSTITUTE(SUBSTITUTE(SUBSTITUTE(B5,"{artist}",Inputs!$B$4),"{named}",Inputs!$B$28),"{work}",Inputs!$B$29),"{Work}",Inputs!$B$30),"{edition_phrase}",Inputs!$B$10),"{ordinal}",Inputs!$B$7),"{window}",Inputs!$B$13),"{launch_date}",Inputs!$B$14),"{launch_time}",Inputs!$B$15),"{close_date}",Inputs!$B$16),"{close_time}",Inputs!$B$17),"{beneficiary_tagged}",Inputs!$B$31),"{quote}",Inputs!$B$25),"{hashtag}",Inputs!$B$6)
A6: announce · status, series | B6: Announcing {edition_phrase} by {named}, from {work}. | C6: =SUBSTITUTE(SUBSTITUTE(SUBSTITUTE(SUBSTITUTE(SUBSTITUTE(SUBSTITUTE(SUBSTITUTE(SUBSTITUTE(SUBSTITUTE(SUBSTITUTE(SUBSTITUTE(SUBSTITUTE(SUBSTITUTE(SUBSTITUTE(B6,"{artist}",Inputs!$B$4),"{named}",Inputs!$B$28),"{work}",Inputs!$B$29),"{Work}",Inputs!$B$30),"{edition_phrase}",Inputs!$B$10),"{ordinal}",Inputs!$B$7),"{window}",Inputs!$B$13),"{launch_date}",Inputs!$B$14),"{launch_time}",Inputs!$B$15),"{close_date}",Inputs!$B$16),"{close_time}",Inputs!$B$17),"{beneficiary_tagged}",Inputs!$B$31),"{quote}",Inputs!$B$25),"{hashtag}",Inputs!$B$6)
A7: sustain · status | B7: A closer look at {work}, {edition_phrase} by {named}. | C7: =SUBSTITUTE(SUBSTITUTE(SUBSTITUTE(SUBSTITUTE(SUBSTITUTE(SUBSTITUTE(SUBSTITUTE(SUBSTITUTE(SUBSTITUTE(SUBSTITUTE(SUBSTITUTE(SUBSTITUTE(SUBSTITUTE(SUBSTITUTE(B7,"{artist}",Inputs!$B$4),"{named}",Inputs!$B$28),"{work}",Inputs!$B$29),"{Work}",Inputs!$B$30),"{edition_phrase}",Inputs!$B$10),"{ordinal}",Inputs!$B$7),"{window}",Inputs!$B$13),"{launch_date}",Inputs!$B$14),"{launch_time}",Inputs!$B$15),"{close_date}",Inputs!$B$16),"{close_time}",Inputs!$B$17),"{beneficiary_tagged}",Inputs!$B$31),"{quote}",Inputs!$B$25),"{hashtag}",Inputs!$B$6)
A8: artist's words · status | B8: “{quote}” – {artist} | C8: =SUBSTITUTE(SUBSTITUTE(SUBSTITUTE(SUBSTITUTE(SUBSTITUTE(SUBSTITUTE(SUBSTITUTE(SUBSTITUTE(SUBSTITUTE(SUBSTITUTE(SUBSTITUTE(SUBSTITUTE(SUBSTITUTE(SUBSTITUTE(B8,"{artist}",Inputs!$B$4),"{named}",Inputs!$B$28),"{work}",Inputs!$B$29),"{Work}",Inputs!$B$30),"{edition_phrase}",Inputs!$B$10),"{ordinal}",Inputs!$B$7),"{window}",Inputs!$B$13),"{launch_date}",Inputs!$B$14),"{launch_time}",Inputs!$B$15),"{close_date}",Inputs!$B$16),"{close_time}",Inputs!$B$17),"{beneficiary_tagged}",Inputs!$B$31),"{quote}",Inputs!$B$25),"{hashtag}",Inputs!$B$6)
A9: artist's words · second line | B9: {Work}, {edition_phrase} by {named}. | C9: =SUBSTITUTE(SUBSTITUTE(SUBSTITUTE(SUBSTITUTE(SUBSTITUTE(SUBSTITUTE(SUBSTITUTE(SUBSTITUTE(SUBSTITUTE(SUBSTITUTE(SUBSTITUTE(SUBSTITUTE(SUBSTITUTE(SUBSTITUTE(B9,"{artist}",Inputs!$B$4),"{named}",Inputs!$B$28),"{work}",Inputs!$B$29),"{Work}",Inputs!$B$30),"{edition_phrase}",Inputs!$B$10),"{ordinal}",Inputs!$B$7),"{window}",Inputs!$B$13),"{launch_date}",Inputs!$B$14),"{launch_time}",Inputs!$B$15),"{close_date}",Inputs!$B$16),"{close_time}",Inputs!$B$17),"{beneficiary_tagged}",Inputs!$B$31),"{quote}",Inputs!$B$25),"{hashtag}",Inputs!$B$6)
A10: live · status | B10: {Work} by {named} is now available to collect, for {window} only. | C10: =SUBSTITUTE(SUBSTITUTE(SUBSTITUTE(SUBSTITUTE(SUBSTITUTE(SUBSTITUTE(SUBSTITUTE(SUBSTITUTE(SUBSTITUTE(SUBSTITUTE(SUBSTITUTE(SUBSTITUTE(SUBSTITUTE(SUBSTITUTE(B10,"{artist}",Inputs!$B$4),"{named}",Inputs!$B$28),"{work}",Inputs!$B$29),"{Work}",Inputs!$B$30),"{edition_phrase}",Inputs!$B$10),"{ordinal}",Inputs!$B$7),"{window}",Inputs!$B$13),"{launch_date}",Inputs!$B$14),"{launch_time}",Inputs!$B$15),"{close_date}",Inputs!$B$16),"{close_time}",Inputs!$B$17),"{beneficiary_tagged}",Inputs!$B$31),"{quote}",Inputs!$B$25),"{hashtag}",Inputs!$B$6)
A11: still time · status | B11: There's still time to collect {work} by {named}. | C11: =SUBSTITUTE(SUBSTITUTE(SUBSTITUTE(SUBSTITUTE(SUBSTITUTE(SUBSTITUTE(SUBSTITUTE(SUBSTITUTE(SUBSTITUTE(SUBSTITUTE(SUBSTITUTE(SUBSTITUTE(SUBSTITUTE(SUBSTITUTE(B11,"{artist}",Inputs!$B$4),"{named}",Inputs!$B$28),"{work}",Inputs!$B$29),"{Work}",Inputs!$B$30),"{edition_phrase}",Inputs!$B$10),"{ordinal}",Inputs!$B$7),"{window}",Inputs!$B$13),"{launch_date}",Inputs!$B$14),"{launch_time}",Inputs!$B$15),"{close_date}",Inputs!$B$16),"{close_time}",Inputs!$B$17),"{beneficiary_tagged}",Inputs!$B$31),"{quote}",Inputs!$B$25),"{hashtag}",Inputs!$B$6)
A12: last chance · status | B12: Last chance to collect {work} by {named}. | C12: =SUBSTITUTE(SUBSTITUTE(SUBSTITUTE(SUBSTITUTE(SUBSTITUTE(SUBSTITUTE(SUBSTITUTE(SUBSTITUTE(SUBSTITUTE(SUBSTITUTE(SUBSTITUTE(SUBSTITUTE(SUBSTITUTE(SUBSTITUTE(B12,"{artist}",Inputs!$B$4),"{named}",Inputs!$B$28),"{work}",Inputs!$B$29),"{Work}",Inputs!$B$30),"{edition_phrase}",Inputs!$B$10),"{ordinal}",Inputs!$B$7),"{window}",Inputs!$B$13),"{launch_date}",Inputs!$B$14),"{launch_time}",Inputs!$B$15),"{close_date}",Inputs!$B$16),"{close_time}",Inputs!$B$17),"{beneficiary_tagged}",Inputs!$B$31),"{quote}",Inputs!$B$25),"{hashtag}",Inputs!$B$6)
A13: last chance · status, draw | B13: Last chance to enter the draw for {work} by {named}. | C13: =SUBSTITUTE(SUBSTITUTE(SUBSTITUTE(SUBSTITUTE(SUBSTITUTE(SUBSTITUTE(SUBSTITUTE(SUBSTITUTE(SUBSTITUTE(SUBSTITUTE(SUBSTITUTE(SUBSTITUTE(SUBSTITUTE(SUBSTITUTE(B13,"{artist}",Inputs!$B$4),"{named}",Inputs!$B$28),"{work}",Inputs!$B$29),"{Work}",Inputs!$B$30),"{edition_phrase}",Inputs!$B$10),"{ordinal}",Inputs!$B$7),"{window}",Inputs!$B$13),"{launch_date}",Inputs!$B$14),"{launch_time}",Inputs!$B$15),"{close_date}",Inputs!$B$16),"{close_time}",Inputs!$B$17),"{beneficiary_tagged}",Inputs!$B$31),"{quote}",Inputs!$B$25),"{hashtag}",Inputs!$B$6)
A14: edition line | B14: Signed by the artist and individually numbered. | C14: =SUBSTITUTE(SUBSTITUTE(SUBSTITUTE(SUBSTITUTE(SUBSTITUTE(SUBSTITUTE(SUBSTITUTE(SUBSTITUTE(SUBSTITUTE(SUBSTITUTE(SUBSTITUTE(SUBSTITUTE(SUBSTITUTE(SUBSTITUTE(B14,"{artist}",Inputs!$B$4),"{named}",Inputs!$B$28),"{work}",Inputs!$B$29),"{Work}",Inputs!$B$30),"{edition_phrase}",Inputs!$B$10),"{ordinal}",Inputs!$B$7),"{window}",Inputs!$B$13),"{launch_date}",Inputs!$B$14),"{launch_time}",Inputs!$B$15),"{close_date}",Inputs!$B$16),"{close_time}",Inputs!$B$17),"{beneficiary_tagged}",Inputs!$B$31),"{quote}",Inputs!$B$25),"{hashtag}",Inputs!$B$6)
A15: edition line, several works | B15: Each print is signed by the artist and individually numbered. | C15: =SUBSTITUTE(SUBSTITUTE(SUBSTITUTE(SUBSTITUTE(SUBSTITUTE(SUBSTITUTE(SUBSTITUTE(SUBSTITUTE(SUBSTITUTE(SUBSTITUTE(SUBSTITUTE(SUBSTITUTE(SUBSTITUTE(SUBSTITUTE(B15,"{artist}",Inputs!$B$4),"{named}",Inputs!$B$28),"{work}",Inputs!$B$29),"{Work}",Inputs!$B$30),"{edition_phrase}",Inputs!$B$10),"{ordinal}",Inputs!$B$7),"{window}",Inputs!$B$13),"{launch_date}",Inputs!$B$14),"{launch_time}",Inputs!$B$15),"{close_date}",Inputs!$B$16),"{close_time}",Inputs!$B$17),"{beneficiary_tagged}",Inputs!$B$31),"{quote}",Inputs!$B$25),"{hashtag}",Inputs!$B$6)
... A23: hashtag | B23: #{hashtag} | C23: =SUBSTITUTE(SUBSTITUTE(SUBSTITUTE(SUBSTITUTE(SUBSTITUTE(SUBSTITUTE(SUBSTITUTE(SUBSTITUTE(SUBSTITUTE(SUBSTITUTE(SUBSTITUTE(SUBSTITUTE(SUBSTITUTE(SUBSTITUTE(B23,"{artist}",Inputs!$B$4),"{named}",Inputs!$B$28),"{work}",Inputs!$B$29),"{Work}",Inputs!$B$30),"{edition_phrase}",Inputs!$B$10),"{ordinal}",Inputs!$B$7),"{window}",Inputs!$B$13),"{launch_date}",Inputs!$B$14),"{launch_time}",Inputs!$B$15),"{close_date}",Inputs!$B$16),"{close_time}",Inputs!$B$17),"{beneficiary_tagged}",Inputs!$B$31),"{quote}",Inputs!$B$25),"{hashtag}",Inputs!$B$6)

Sheet Posts
A1: The posts, assembled
A2: Every cell below is a formula over Inputs and Lines. Skeleton: status line · substance · edition line · action line · hashtag. Coming Soon opens with the bio instead.
A3: # | B3: Post | C3: Made of | D3: Status line | E3: Substance | F3: Edition line | G3: Action line | H3: Hashtag | I3: Caption | J3: Characters
A4: 1 | B4: coming soon | C4: bio · status · action | D4: =Lines!$C$4 | E4: =Inputs!$B$32 | F4: ="" | G4: =Lines!$C$22 | H4: ="" | I4: =E4&IF(D4="","",CHAR(10)&CHAR(10)&D4)&IF(G4="","",CHAR(10)&CHAR(10)&G4) | J4: =LEN(I4)
A5: 2 | B5: announce | C5: status · hook · edition · action · hashtag | D5: =IF(Inputs!$B$9="yes",Lines!$C$6,Lines!$C$5) | E5: =Inputs!$B$33 | F5: =IF(Inputs!$B$11>1,Lines!$C$15,Lines!$C$14)&IF(Inputs!$B$34,"",IF(Inputs!$B$31="",""," "&Lines!$C$16)) | G5: =IF(Inputs!$B$12="draw",Lines!$C$19,Lines!$C$18) | H5: =IF(Inputs!$B$6="","",Lines!$C$23) | I5: =D5&IF(E5="","",CHAR(10)&CHAR(10)&E5)&IF(F5="","",CHAR(10)&CHAR(10)&F5)&IF(G5="","",CHAR(10)&CHAR(10)&G5)&IF(H5="","",CHAR(10)&CHAR(10)&H5) | J5: =LEN(I5)
A6: 3 | B6: sustain | C6: status · making · edition + beneficiary · action | D6: =Lines!$C$7 | E6: =Inputs!$B$24 | F6: =IF(Inputs!$B$11>1,Lines!$C$15,Lines!$C$14)&IF(Inputs!$B$31="",""," "&Lines!$C$16) | G6: =IF(Inputs!$B$12="draw",Lines!$C$19,Lines!$C$18) | H6: ="" | I6: =D6&IF(E6="","",CHAR(10)&CHAR(10)&E6)&IF(F6="","",CHAR(10)&CHAR(10)&F6)&IF(G6="","",CHAR(10)&CHAR(10)&G6) | J6: =LEN(I6)
A7: 4 | B7: sustain, the artist's words | C7: quote · status · edition + beneficiary · action | D7: =IF(Inputs!$B$25="","(no quote given, post skipped)",Lines!$C$8) | E7: =IF(Inputs!$B$25="","",Lines!$C$9) | F7: =IF(Inputs!$B$25="","",IF(Inputs!$B$11>1,Lines!$C$15,Lines!$C$14)&IF(Inputs!$B$31="",""," "&Lines!$C$16)) | G7: =IF(Inputs!$B$25="","",IF(Inputs!$B$12="draw",Lines!$C$19,Lines!$C$18)) | H7: ="" | I7: =IF(Inputs!$B$25="","(no quote given, post skipped)",D7&IF(E7="","",CHAR(10)&CHAR(10)&E7)&IF(F7="","",CHAR(10)&CHAR(10)&F7)&IF(G7="","",CHAR(10)&CHAR(10)&G7)) | J7: =LEN(I7)
A8: 5 | B8: live (timed only) | C8: status · edition + beneficiary · action | D8: =IF(Inputs!$B$12="draw","(not used for a draw)",Lines!$C$10) | E8: ="" | F8: =IF(Inputs!$B$12="draw","",IF(Inputs!$B$11>1,Lines!$C$15,Lines!$C$14)&IF(Inputs!$B$31="",""," "&Lines!$C$16)) | G8: =IF(Inputs!$B$12="draw","",IF(Inputs!$B$12="draw",Lines!$C$21,Lines!$C$20)) | H8: ="" | I8: =IF(Inputs!$B$12="draw","(not used for a draw)",D8&IF(F8="","",CHAR(10)&CHAR(10)&F8)&IF(G8="","",CHAR(10)&CHAR(10)&G8)) | J8: =LEN(I8)
A9: 6 | B9: still time (timed only) | C9: status · edition + beneficiary · action | D9: =IF(Inputs!$B$12="draw","(not used for a draw)",Lines!$C$11) | E9: ="" | F9: =IF(Inputs!$B$12="draw","",IF(Inputs!$B$11>1,Lines!$C$15,Lines!$C$14)&IF(Inputs!$B$31="",""," "&Lines!$C$16)) | G9: =IF(Inputs!$B$12="draw","",IF(Inputs!$B$12="draw",Lines!$C$21,Lines!$C$20)) | H9: ="" | I9: =IF(Inputs!$B$12="draw","(not used for a draw)",D9&IF(F9="","",CHAR(10)&CHAR(10)&F9)&IF(G9="","",CHAR(10)&CHAR(10)&G9)) | J9: =LEN(I9)
A10: 7 | B10: last chance | C10: status · edition + beneficiary · action | D10: =IF(Inputs!$B$12="draw",Lines!$C$13,Lines!$C$12) | E10: ="" | F10: =IF(Inputs!$B$11>1,Lines!$C$15,Lines!$C$14)&IF(Inputs!$B$31="",""," "&Lines!$C$16) | G10: =IF(Inputs!$B$12="draw",Lines!$C$21,Lines!$C$20) | H10: ="" | I10: =D10&IF(F10="","",CHAR(10)&CHAR(10)&F10)&IF(G10="","",CHAR(10)&CHAR(10)&G10) | J10: =LEN(I10)

Sheet Rules
A1: The system on one page
A3: Skeleton | B3: Every post is: status line, substance, edition line, action line, and a hashtag on the announcement only. Coming Soon opens with the bio because the bio names the artist.
A4: Status lines | B4: One fixed sentence per phase, on the Lines sheet: coming soon, announce, sustain, the artist's words, live, still time, last chance.
A5: Substance | B5: Coming soon takes the bio. Announce takes the hook. Sustain takes the making line, then the quote as a second post. Live and closing posts take nothing.
A6: Edition line | B6: Signed by the artist and individually numbered. The beneficiary is named once per post: in the edition line unless the hook already names it.
A7: Action line | B7: Three CTAs only: get updates before launch, enter the draw for a draw, buy a print for an open window. One deadline form: Closes {date} at {time} UK time.
A8: Fragments | B8: Three per release, written once: bio (2 to 3 sentences), hook (1 to 2 sentences, shared with the email), making (one sentence naming Make-Ready). The quote is verbatim.
A9: Rule 1 | B9: The artist's handle follows the first mention of their name in each post. The beneficiary is tagged where named.
A10: Rule 2 | B10: A series with one shared title is called "the {series} series".
A11: Rule 3 | B11: Titles in single curly quotes. 14:00 UK time. 30 April. one week or 48 hours.
A12: Rule 4 | B12: No URLs, no emoji, no exclamation marks.
A13: Rule 5 | B13: The quote must be a complete sentence, or the post is skipped.
A14: Rule 6 | B14: Anything editorial (a reel, an event tie-in) is written outside the system and borrows only the edition and action lines.
A15: How to use | B15: Fill the blue cells on Inputs. Read the Posts sheet. To change the house wording, edit the blue cells on Lines once.
