Workbook

Sheet Inputs
A1: One release · inputs
A2: Blue cells on yellow are yours to fill. Everything else in this workbook is a formula. Set mechanic to draw to see the LE versions, and window to 48 hours or one week for the TL flow.
A3: Field | B3: Value | C3: What it is
A4: artist | B4: Robert Longo | C4: full name: the works are 'by' this name
A5: collab_with | B5: Brooklyn-born artist Robert Longo | C5: the words after 'collaboration with': usually the name, or the estate
A6: handle | B6: robert_longo_studio | C6: Instagram handle, blank if none
A7: x_handle | C7: X (Twitter) handle, blank if none
A8: link | B8: https://avantarte.co/robert-longo | C8: the release's short link, for tweets
A9: hashtag | C9: announcement post only; blank for none
A10: ordinal | B10: latest | C10: debut, latest or second
A11: title_1 | B11: Untitled (Sandy, from the series “Men in the Cities”) | C11: exactly as it appears; the set's one title if it has one; for untitled works from a named series, the series name
A12: title_2 | C12: for a pair or a trio with their own titles; blank otherwise
A13: title_3 | C13: blank otherwise. More than three titled works: give the set a collective title, or use the templates
A14: is_series | B14: no | C14: yes only for untitled works from a named series
A15: edition_phrase | B15: a new limited edition silkscreen print | C15: e.g. a new limited edition print; a quartet of new limited edition embroideries; a new limited edition print in four colourways
A16: works | B16: 1 | C16: number of artworks: sets the plural wording
A17: unit | B17: print | C17: what one is called: print, embroidery, sculpture, edition
A18: mechanic | B18: draw | C18: timed (TL) or draw (LE)
A19: window | B19: 48 hours | C19: 48 hours or one week; timed only
A20: launch_at | B20: 46272.667 | C20: date and time the window opens, or the draw opens (UK)
A21: closes_at | B21: 46294.708 | C21: date and time the window or draw closes (UK)
A22: beneficiary | B22: Vote.org | C22: as it reads mid-sentence; blank if none
A23: beneficiary_handle | B23: votedotorg | C23: blank if none
A24: advisor | B24: Sam | C24: signs the Insiders email and the first-time collector survey: Sofiya, Curtis or Sam
A25: early_access_code | B25: 377-985 | C25: draw releases
A26: framing_code | B26: Longo-0926-10 | C26: first-purchase framing offer code, e.g. Freud-0426-10; blank for no offer
A27: framing_percent | B27: 10 | C27: 10 or 20
A28: feature_1 | B28: Signed by the artist | C28: the standard three; clear a cell to drop it
A29: feature_2 | B29: Individually numbered
A30: feature_3 | B30: Free worldwide shipping
A31: feature_4 | B31: Same dimensions as Avant Arte's edition of Eric | C31: bespoke, e.g. Hand-finished by the artist. Never 'our'.
A32: feature_5 | C32: bespoke, e.g. Available individually or as a set
A34: Fragments, written once per release. No we or our: the sheet adds our where a line needs it.
A35: bio | B35: Robert Longo is a New York artist known for monumental charcoal drawings that take their images from film, news and mass media. Men in the Cities, begun in 1979, made him a defining figure of the Pictures Generation, and he has long maintained that making art is a political act. | C35: 2 to 3 sentences on the artist, third person, no handle. Coming Soon post only.
A36: hook | B36: Sandy is one of the best-known figures from Men in the Cities, and this is only the second time the series has been editioned in silkscreen, following the release of Eric last year. | C36: 2 to 3 sentences about the work. Write it as editorially as you like; the one test is that it must read as well in the middle of an email as at the top of a post. Self-contained, no rhetorical question. It reaches 16 slots, so it is the one fragment that must stand alone.
A37: qualifier | C37: a few words after the edition phrase in the email opener, e.g. spanning five decades of the artist's career. Ten words at most, a phrase not a sentence, no we or our, no artist name. Ignored when there is a beneficiary: 'released in support of X' fills the same opening. With several works the title drops out of this line, and that is what it is for.
A38: making | B38: To craft the edition, printmakers at Make-Ready worked from the original Kodak transparencies, creating a high fidelity silkscreen of the original piece. | C38: one sentence on how the edition was made; write 'printmakers at Make-Ready' and the sheet adds 'our'.
A39: card_line_1 | B39: One of the most iconic figures from a truly iconic series, Sandy is a striking exploration of urban alienation. | C39: one sentence on the first work, 15 to 30 words, under its card in six emails. With several works, say something different about each: the edition is described above the cards, so do not call each one a limited edition print.
A40: card_line_2 | C40: the second titled work; blank otherwise
A41: card_line_3 | C41: the third; blank otherwise
A42: quote | B42: It was really important to me that as I got older as an artist, I could still make work that meant something. I wanna make work that matters. | C42: verbatim, a complete sentence, or blank
A44: Derived (formulas, do not edit)
A45: named | B45: =$B$4&IF($B$6="",""," (@"&$B$6&")")
A46: named_x | B46: =$B$4&IF($B$7="",""," (@"&$B$7&")")
A47: collab_x | B47: =IF($B$5=$B$4,$B$46,$B$5)
A48: a_unit | B48: =IF(OR(LEFT($B$17,1)="a",LEFT($B$17,1)="e",LEFT($B$17,1)="i",LEFT($B$17,1)="o",LEFT($B$17,1)="u"),"an ","a ")&$B$17
A49: work | B49: =IF($B$14="yes","the "&$B$11&" series",IF($B$12="","‘"&$B$11&"’",IF($B$13="","‘"&$B$11&"’ and ‘"&$B$12&"’","‘"&$B$11&"’, ‘"&$B$12&"’ and ‘"&$B$13&"’")))
A50: Work | B50: =UPPER(LEFT($B$49,1))&MID($B$49,2,999)
A51: work_email | B51: =IF($B$14="yes","the "&$B$11&" series",IF($B$12="",$B$11,IF($B$13="",$B$11&" and "&$B$12,$B$11&", "&$B$12&" and "&$B$13)))
A52: Work_email | B52: =UPPER(LEFT($B$51,1))&MID($B$51,2,999)
A53: work_intro | B53: =IF($B$16=1,$B$11&", ","")&$B$15&IF(OR($B$37="",$B$54<>""),"",IF(LEFT($B$37,1)=",",""," ")&$B$37)
A54: support | B54: =IF(OR($B$22="",$B$57),"",", released in support of "&$B$22)
A55: beneficiary_tagged | B55: =IF($B$22="","",$B$22&IF($B$23="",""," (@"&$B$23&")"))
A56: bio_tagged | B56: =IF($B$6="",$B$35,SUBSTITUTE($B$35,$B$4,$B$45,1))
A57: hook_names_beneficiary | B57: =IF($B$22="",FALSE,ISNUMBER(SEARCH($B$22,$B$36)))
A58: features | B58: =$B$28&IF($B$29="","",". "&$B$29)&IF($B$30="","",". "&$B$30)&IF($B$31="","",". "&$B$31)&IF($B$32="","",". "&$B$32)&"."
A59: features_list | B59: ="· "&$B$28&IF($B$29="","",CHAR(10)&"· "&$B$29)&IF($B$30="","",CHAR(10)&"· "&$B$30)&IF($B$31="","",CHAR(10)&"· "&$B$31)&IF($B$32="","",CHAR(10)&"· "&$B$32)
A60: features_list_support | B60: =$B$59&IF(OR($B$22="",$B$57),"",CHAR(10)&"· Released in support of "&$B$22)
A61: making_ours | B61: =SUBSTITUTE($B$38,"printmakers at Make-Ready","our printmakers at Make-Ready")
A62: making_ours_tagged | B62: =SUBSTITUTE($B$38,"printmakers at Make-Ready","our printmakers at Make-Ready (@make__ready)")
A63: launch_date | B63: =TEXT($B$20,"d mmmm")
A64: launch_time | B64: =TEXT($B$20,"hh:mm")&" UK time"
A65: launch_weekday | B65: =TEXT($B$20,"dddd")
A66: launch_date_dd | B66: =TEXT($B$20,"dd mmmm")
A67: close_date | B67: =TEXT($B$21,"d mmmm")
A68: close_time | B68: =TEXT($B$21,"hh:mm")&" UK time"
A69: close_weekday | B69: =TEXT($B$21,"dddd")
A70: close_date_dd | B70: =TEXT($B$21,"dd mmmm")
A71: collect_phrase | B71: =SUBSTITUTE($B$15," new "," ",1)
A72: edition_phrase_cap | B72: =UPPER(LEFT($B$15,1))&MID($B$15,2,999)
A73: window_cap | B73: =UPPER(LEFT($B$19,1))&MID($B$19,2,999)
A74: card | B74: =IF($B$14="yes","Untitled",$B$11)&IF($B$39="","",CHAR(10)&$B$39)&IF($B$12="","",CHAR(10)&CHAR(10)&"Card: "&$B$12&IF($B$40="","",CHAR(10)&$B$40))&IF($B$13="","",CHAR(10)&CHAR(10)&"Card: "&$B$13&IF($B$41="","",CHAR(10)&$B$41))
A75: quote_line | B75: =IF($B$42="","","“"&$B$42&"” – "&$B$4)
A76: each_artwork | B76: =IF($B$16>1," for each artwork","")
A77: work_word | B77: =IF($B$16>1,"works","work")
A78: add_what | B78: =IF($B$16>1,$B$48,$B$51)

Sheet Lines
A1: The fixed sentences, with the placeholders they take
A2: This is the whole system's copy, for the posts, the tweets and the emails. Edit a blue cell to change every future release. Column C fills the placeholders from Inputs.
A3: Key | B3: Line, with placeholders | C3: Filled from Inputs
A4: POSTS
A5: post · coming soon · status | B5: Our {ordinal} collaboration is on the horizon. | C5: =SUBSTITUTE(B5,"{ordinal}",Inputs!$B$10)
A6: post · announce · status | B6: Announcing {work}, {edition_phrase} by {named}. | C6: =SUBSTITUTE(SUBSTITUTE(SUBSTITUTE(B6,"{named}",Inputs!$B$45),"{work}",Inputs!$B$49),"{edition_phrase}",Inputs!$B$15)
A7: post · announce · status, series | B7: Announcing {edition_phrase} by {named}, from {work}. | C7: =SUBSTITUTE(SUBSTITUTE(SUBSTITUTE(B7,"{named}",Inputs!$B$45),"{work}",Inputs!$B$49),"{edition_phrase}",Inputs!$B$15)
A8: post · sustain · status | B8: A closer look at {work}, {edition_phrase} by {named}. | C8: =SUBSTITUTE(SUBSTITUTE(SUBSTITUTE(B8,"{named}",Inputs!$B$45),"{work}",Inputs!$B$49),"{edition_phrase}",Inputs!$B$15)
A9: post · artist's words · status | B9: “{quote}” – {artist} | C9: =SUBSTITUTE(SUBSTITUTE(B9,"{artist}",Inputs!$B$4),"{quote}",Inputs!$B$42)
A10: post · artist's words · second line | B10: {Work}, {edition_phrase} by {named}. | C10: =SUBSTITUTE(SUBSTITUTE(SUBSTITUTE(B10,"{named}",Inputs!$B$45),"{Work}",Inputs!$B$50),"{edition_phrase}",Inputs!$B$15)
A11: post · live · status | B11: {Work} by {named} is now available to collect, for {window} only. | C11: =SUBSTITUTE(SUBSTITUTE(SUBSTITUTE(B11,"{named}",Inputs!$B$45),"{Work}",Inputs!$B$50),"{window}",Inputs!$B$19)
A12: post · still time · status | B12: There's still time to collect {work} by {named}. | C12: =SUBSTITUTE(SUBSTITUTE(B12,"{named}",Inputs!$B$45),"{work}",Inputs!$B$49)
A13: post · last chance · status | B13: Last chance to collect {work} by {named}. | C13: =SUBSTITUTE(SUBSTITUTE(B13,"{named}",Inputs!$B$45),"{work}",Inputs!$B$49)
A14: post · last chance · status, draw | B14: Last chance to enter the draw for {work} by {named}. | C14: =SUBSTITUTE(SUBSTITUTE(B14,"{named}",Inputs!$B$45),"{work}",Inputs!$B$49)
A15: post · features line | B15: {features} | C15: =SUBSTITUTE(B15,"{features}",Inputs!$B$58)
A16: post · beneficiary line | B16: Released in support of {beneficiary_tagged}. | C16: =SUBSTITUTE(B16,"{beneficiary_tagged}",Inputs!$B$55)
A17: post · action before launch, timed | B17: Available for {window} from {launch_time} on {launch_date}. Link in bio to get updates. | C17: =SUBSTITUTE(SUBSTITUTE(SUBSTITUTE(B17,"{window}",Inputs!$B$19),"{launch_date}",Inputs!$B$63),"{launch_time}",Inputs!$B$64)
A18: post · action before launch, draw | B18: Enter the draw via our link in bio. Closes {close_date} at {close_time}. | C18: =SUBSTITUTE(SUBSTITUTE(B18,"{close_date}",Inputs!$B$67),"{close_time}",Inputs!$B$68)
A19: post · action while open, timed | B19: Link in bio to buy {a_unit}. Closes {close_date} at {close_time}. | C19: =SUBSTITUTE(SUBSTITUTE(SUBSTITUTE(B19,"{a_unit}",Inputs!$B$48),"{close_date}",Inputs!$B$67),"{close_time}",Inputs!$B$68)
A20: post · action while open, draw | B20: Enter the draw via our link in bio. Closes {close_date} at {close_time}. | C20: =SUBSTITUTE(SUBSTITUTE(B20,"{close_date}",Inputs!$B$67),"{close_time}",Inputs!$B$68)
A21: post · coming soon · action | B21: Link in bio to get updates. | C21: =B21
A22: post · hashtag | B22: #{hashtag} | C22: =SUBSTITUTE(B22,"{hashtag}",Inputs!$B$9)
A23: TWEETS
A24: tweet · coming soon · status | B24: Our {ordinal} collaboration with {collab_x} is on the horizon. | C24: =SUBSTITUTE(SUBSTITUTE(B24,"{collab_x}",Inputs!$B$47),"{ordinal}",Inputs!$B$10)
A25: tweet · coming soon · action | B25: Sign up for updates: {link} | C25: =SUBSTITUTE(B25,"{link}",Inputs!$B$8)
A26: tweet · beneficiary line | B26: Released in support of {beneficiary}. | C26: =SUBSTITUTE(B26,"{beneficiary}",Inputs!$B$22)
A27: tweet · action before launch, timed | B27: Available for {window} from {launch_time} on {launch_date}. Sign up for updates: {link} | C27: =SUBSTITUTE(SUBSTITUTE(SUBSTITUTE(SUBSTITUTE(B27,"{link}",Inputs!$B$8),"{window}",Inputs!$B$19),"{launch_date}",Inputs!$B$63),"{launch_time}",Inputs!$B$64)
A28: tweet · action, draw | B28: Closes {close_date} at {close_time}. Enter the draw: {link} | C28: =SUBSTITUTE(SUBSTITUTE(SUBSTITUTE(B28,"{link}",Inputs!$B$8),"{close_date}",Inputs!$B$67),"{close_time}",Inputs!$B$68)
A29: tweet · action while open, timed | B29: Closes {close_date} at {close_time}. Buy {a_unit}: {link} | C29: =SUBSTITUTE(SUBSTITUTE(SUBSTITUTE(SUBSTITUTE(B29,"{link}",Inputs!$B$8),"{a_unit}",Inputs!$B$48),"{close_date}",Inputs!$B$67),"{close_time}",Inputs!$B$68)
A30: EMAILS · shared
A31: email · greeting | B31: Hi {{ personalization_token('contact.firstname', 'there') }}, | C31: =B31
A32: email · questions line | B32: If you have any questions, please don't hesitate to get in touch by replying to this email. | C32: =B32
A33: email · draw line | B33: Enter the draw for a chance to collect. Closes at {close_time} on {close_date}. | C33: =SUBSTITUTE(SUBSTITUTE(B33,"{close_date}",Inputs!$B$67),"{close_time}",Inputs!$B$68)
A34: email · edition numbers line | B34: Earlier orders will typically receive a lower edition number, with framed editions receiving lower edition numbers than unframed prints. You can read more on how we allocate edition numbers across a release here. | C34: =B34
A35: email · kicker · collect | B35: Collect {a_unit} by {artist} | C35: =SUBSTITUTE(SUBSTITUTE(B35,"{artist}",Inputs!$B$4),"{a_unit}",Inputs!$B$48)
A36: email · framing offer · welcome | B36: As a welcome gesture, enjoy {framing_percent}% off our in-house framing on your first purchase using the code {framing_code} at checkout. | C36: =SUBSTITUTE(SUBSTITUTE(B36,"{framing_code}",Inputs!$B$26),"{framing_percent}",Inputs!$B$27)
A37: email · framing offer · reminder | B37: As a reminder, you can enjoy {framing_percent}% off our in-house framing on your first purchase using the code {framing_code} at checkout. | C37: =SUBSTITUTE(SUBSTITUTE(B37,"{framing_code}",Inputs!$B$26),"{framing_percent}",Inputs!$B$27)
A38: EMAILS · announcement
A39: email · announce · subject | B39: {artist} – {edition_phrase_cap} | C39: =SUBSTITUTE(SUBSTITUTE(B39,"{artist}",Inputs!$B$4),"{edition_phrase_cap}",Inputs!$B$72)
A40: email · announce · opener | B40: We're delighted to announce our {ordinal} collaboration with {collab_with} – {work_intro}{support}. | C40: =SUBSTITUTE(SUBSTITUTE(SUBSTITUTE(SUBSTITUTE(B40,"{collab_with}",Inputs!$B$5),"{work_intro}",Inputs!$B$53),"{support}",Inputs!$B$54),"{ordinal}",Inputs!$B$10)
A41: email · announce · launch line, timed | B41: The edition will be available to collect for {window} only, starting at {launch_time} on {launch_weekday}, {launch_date_dd}. | C41: =SUBSTITUTE(SUBSTITUTE(SUBSTITUTE(SUBSTITUTE(B41,"{window}",Inputs!$B$19),"{launch_time}",Inputs!$B$64),"{launch_weekday}",Inputs!$B$65),"{launch_date_dd}",Inputs!$B$66)
A42: email · announce · register line | B42: Click below to learn more and register for updates. | C42: =B42
A43: EMAILS · welcome (TL flow)
A44: email · welcome · 1 | B44: Welcome {{ personalization_token('contact.firstname', 'to Avant Arte') }}! | C44: =B44
A45: email · welcome · 2 | B45: Avant Arte began with a simple mission – to make collecting art more accessible. Since then, we've collaborated with hundreds of inspiring artists, from rising stars to icons like Ai Weiwei, Jenny Holzer, Lee Ufan and Carrie Mae Weems. | C45: =B45
A46: email · welcome · 3 | B46: Our upcoming collaboration with {collab_with} is the latest in this lineage. If you're new to collecting art or curious about limited editions, our library of guides is a good place to start. In particular, How to collect art and What is an edition? | C46: =SUBSTITUTE(B46,"{collab_with}",Inputs!$B$5)
A47: email · welcome · 4 | B47: Let us know if you have any questions. We're excited to see what you collect. | C47: =B47
A48: EMAILS · early access
A49: email · early access, timed · opener | B49: Our {ordinal} collaboration with {collab_with} launches tomorrow at {launch_time} and will be available to collect for {window} only. | C49: =SUBSTITUTE(SUBSTITUTE(SUBSTITUTE(SUBSTITUTE(B49,"{collab_with}",Inputs!$B$5),"{ordinal}",Inputs!$B$10),"{window}",Inputs!$B$19),"{launch_time}",Inputs!$B$64)
A50: email · early access, timed · registered line | B50: As a thank you for registering for updates, we're offering you the chance to collect the release 24 hours before everyone else. | C50: =B50
A51: email · early access, timed · past collectors line | B51: As a previous collector of the artist, we're offering you the chance to order the collaboration 24 hours before everyone else. | C51: =B51
A52: email · early access, timed · unlock line | B52: Unlock early access using the link below. | C52: =B52
A53: email · early access, draw · 1 | B53: We're currently preparing the launch of our {ordinal} collaboration with {collab_with} – {work_intro}{support}. | C53: =SUBSTITUTE(SUBSTITUTE(SUBSTITUTE(SUBSTITUTE(B53,"{collab_with}",Inputs!$B$5),"{work_intro}",Inputs!$B$53),"{support}",Inputs!$B$54),"{ordinal}",Inputs!$B$10)
A54: email · early access, draw · 2 | B54: The edition will launch publicly on {launch_date} and will be allocated by a randomised draw; however, for the next 48 hours we're offering a small group of collectors a first look, plus access to a limited number of pre-orders. Based on your order history and the artists you've expressed an interest in, I thought the edition would be a good fit for your collection. | C54: =SUBSTITUTE(B54,"{launch_date}",Inputs!$B$63)
A55: email · early access, draw · 3 | B55: Explore the artwork and place your order via the private link below. Use code {early_access_code} to unlock early access. | C55: =SUBSTITUTE(B55,"{early_access_code}",Inputs!$B$25)
A56: email · insiders · opener | B56: I'm delighted to share our {ordinal} collaboration with {collab_with} – {work_intro}{support}. | C56: =SUBSTITUTE(SUBSTITUTE(SUBSTITUTE(SUBSTITUTE(B56,"{collab_with}",Inputs!$B$5),"{work_intro}",Inputs!$B$53),"{support}",Inputs!$B$54),"{ordinal}",Inputs!$B$10)
A57: email · insiders · mechanics, draw | B57: The edition will launch publicly on {launch_date} and will be allocated by a randomised draw. However, for the next 48 hours, I'm excited to offer you a first look, plus early access to a limited number of pre-orders. | C57: =SUBSTITUTE(B57,"{launch_date}",Inputs!$B$63)
A58: email · insiders · mechanics, timed | B58: The edition launches tomorrow at {launch_time} and will be available to collect for {window} only. For the next 24 hours, I'm excited to offer you early access ahead of the public launch. | C58: =SUBSTITUTE(SUBSTITUTE(B58,"{window}",Inputs!$B$19),"{launch_time}",Inputs!$B$64)
A59: email · insiders · code line, draw | B59: Discover the artwork and place your order via the private link below. Use code {early_access_code} to unlock early access. | C59: =SUBSTITUTE(B59,"{early_access_code}",Inputs!$B$25)
A60: email · insiders · link line, timed | B60: Discover the artwork and place your order via the private link below. | C60: =B60
A61: email · insiders · sign-off | B61: Best regards, {advisor} Art Advisor at Avant Arte | C61: =SUBSTITUTE(B61,"{advisor}",Inputs!$B$24)
A62: EMAILS · the window (TL)
A63: email · live · opener | B63: Our {ordinal} collaboration with {collab_with} is now available to collect for {window} only – {work_intro}{support}. | C63: =SUBSTITUTE(SUBSTITUTE(SUBSTITUTE(SUBSTITUTE(SUBSTITUTE(B63,"{collab_with}",Inputs!$B$5),"{work_intro}",Inputs!$B$53),"{support}",Inputs!$B$54),"{ordinal}",Inputs!$B$10),"{window}",Inputs!$B$19)
A64: email · live · closing line | B64: The opportunity to collect an edition ends at {close_time} on {close_weekday}, {close_date_dd}. Click the link below to add {add_what} to your collection. | C64: =SUBSTITUTE(SUBSTITUTE(SUBSTITUTE(SUBSTITUTE(B64,"{close_time}",Inputs!$B$68),"{close_weekday}",Inputs!$B$69),"{close_date_dd}",Inputs!$B$70),"{add_what}",Inputs!$B$78)
A65: email · halfway · headline | B65: 24 hours down, 24 to go | C65: =B65
A66: email · halfway · footer | B66: There's still time to add {a_unit} to your collection. | C66: =SUBSTITUTE(B66,"{a_unit}",Inputs!$B$48)
A67: email · 5 days · headline | B67: 2 days down, 5 days to go | C67: =B67
A68: email · 3 days · headline | B68: Three days left to collect | C68: =B68
A69: email · 3 days · 1 | B69: There are just three days left to collect {collect_phrase} by {artist}. | C69: =SUBSTITUTE(SUBSTITUTE(B69,"{artist}",Inputs!$B$4),"{collect_phrase}",Inputs!$B$71)
A70: email · 3 days · 2 | B70: Click the link to collect before {close_time} on {close_weekday}, {close_date_dd}. | C70: =SUBSTITUTE(SUBSTITUTE(SUBSTITUTE(B70,"{close_time}",Inputs!$B$68),"{close_weekday}",Inputs!$B$69),"{close_date_dd}",Inputs!$B$70)
A71: email · days to go · footer | B71: Add {a_unit} to your collection | C71: =SUBSTITUTE(B71,"{a_unit}",Inputs!$B$48)
A72: EMAILS · last chance
A73: email · last chance, timed · 1 | B73: It's now or never for our {ordinal} collaboration with {collab_with} – {collect_phrase} will be available to order until {close_time} on {close_weekday}, {close_date_dd}. | C73: =SUBSTITUTE(SUBSTITUTE(SUBSTITUTE(SUBSTITUTE(SUBSTITUTE(SUBSTITUTE(B73,"{collab_with}",Inputs!$B$5),"{collect_phrase}",Inputs!$B$71),"{ordinal}",Inputs!$B$10),"{close_time}",Inputs!$B$68),"{close_weekday}",Inputs!$B$69),"{close_date_dd}",Inputs!$B$70)
A74: email · last chance, timed · 2 | B74: After this time, the edition size{each_artwork} will be confirmed, and the {work_word} will no longer be available to purchase. | C74: =SUBSTITUTE(SUBSTITUTE(B74,"{each_artwork}",Inputs!$B$76),"{work_word}",Inputs!$B$77)
A75: email · last chance, draw · 1 | B75: This is your final opportunity to enter the draw for {work_email}, {collect_phrase} by {artist}. | C75: =SUBSTITUTE(SUBSTITUTE(SUBSTITUTE(B75,"{artist}",Inputs!$B$4),"{work_email}",Inputs!$B$51),"{collect_phrase}",Inputs!$B$71)
A76: email · last chance, draw · 2 | B76: For a chance to collect, click the link below to enter the draw. The draw closes at {close_time} on {close_weekday}, {close_date_dd}. | C76: =SUBSTITUTE(SUBSTITUTE(SUBSTITUTE(B76,"{close_time}",Inputs!$B$68),"{close_weekday}",Inputs!$B$69),"{close_date_dd}",Inputs!$B$70)
A77: EMAILS · surveys (LE)
A78: email · first-time survey · subject | B78: Congratulations on your first Avant Arte edition | C78: =B78
A79: email · first-time survey · 1 | B79: Thank you for adding our collaboration with {collab_with} to your collection. Great choice! | C79: =SUBSTITUTE(B79,"{collab_with}",Inputs!$B$5)
A80: email · first-time survey · 2 | B80: I'm {advisor}, an art advisor at Avant Arte. I'm here to connect collectors with artists by making suggestions, answering questions and offering early access to our collaborations. | C80: =SUBSTITUTE(B80,"{advisor}",Inputs!$B$24)
A81: email · first-time survey · 3 | B81: If you have two minutes to complete a short survey about your collecting journey to date, your responses will help guide my recommendations. | C81: =B81
A82: email · first-time survey · 4 | B82: Any questions? Reply to this email. | C82: =B82
A83: email · non-purchaser survey · 1 | B83: As someone who registered for updates but ultimately decided not to enter the draw for our collaboration with {collab_with}, we'd love your feedback. | C83: =SUBSTITUTE(B83,"{collab_with}",Inputs!$B$5)
A84: email · non-purchaser survey · 2 | B84: This two-minute survey will guide our future collaborations and help us recommend the right artists and editions for your collection. | C84: =B84
A85: email · non-purchaser survey · 3 | B85: As a thank you for taking part in the survey and helping us improve the collector experience, you'll be entered into a draw to win a €500 Avant Arte gift card. | C85: =B85
A86: email · non-purchaser survey · terms | B86: You can read the terms here. | C86: =B86
A87: email · non-purchaser survey · footer | B87: What can we do better? | C87: =B87
A88: EMAILS · monthly preview
A89: email · monthly preview · opener | B89: From {collab_with} comes {work_intro}{support}. | C89: =SUBSTITUTE(SUBSTITUTE(SUBSTITUTE(B89,"{collab_with}",Inputs!$B$5),"{work_intro}",Inputs!$B$53),"{support}",Inputs!$B$54)
A90: email · monthly preview · when, draw | B90: The edition will be allocated by a randomised draw, which closes at {close_time} on {close_date}. | C90: =SUBSTITUTE(SUBSTITUTE(B90,"{close_date}",Inputs!$B$67),"{close_time}",Inputs!$B$68)
A91: email · monthly preview · when, timed | B91: The edition will be available to collect for {window} only, from {launch_time} on {launch_weekday}, {launch_date_dd}. | C91: =SUBSTITUTE(SUBSTITUTE(SUBSTITUTE(SUBSTITUTE(B91,"{window}",Inputs!$B$19),"{launch_time}",Inputs!$B$64),"{launch_weekday}",Inputs!$B$65),"{launch_date_dd}",Inputs!$B$66)

Sheet Posts
A1: The posts, assembled
A2: Every cell below is a formula over Inputs and Lines. Skeleton: status line · substance · features line · action line · hashtag. Coming Soon opens with the bio. The Insiders account posts the same caption; Channels says which.
A3: # | B3: Post | C3: Channels | D3: Made of | E3: Status line | F3: Substance | G3: Features line | H3: Action line | I3: Hashtag | J3: Caption | K3: Characters
A4: 1 | B4: coming soon | C4: Main | D4: bio · status · action | E4: =Lines!$C$5 | F4: =Inputs!$B$56 | G4: ="" | H4: =Lines!$C$21 | I4: ="" | J4: =F4&IF(E4="","",CHAR(10)&CHAR(10)&E4)&IF(H4="","",CHAR(10)&CHAR(10)&H4) | K4: =LEN(J4)
A5: 2 | B5: announce | C5: Main + Insiders | D5: status · hook · features + beneficiary · action · hashtag | E5: =IF(Inputs!$B$14="yes",Lines!$C$7,Lines!$C$6) | F5: =Inputs!$B$36 | G5: =Lines!$C$15&IF(Inputs!$B$57,"",IF(Inputs!$B$55="",""," "&Lines!$C$16)) | H5: =IF(Inputs!$B$18="draw",Lines!$C$18,Lines!$C$17) | I5: =IF(Inputs!$B$9="","",Lines!$C$22) | J5: =E5&IF(F5="","",CHAR(10)&CHAR(10)&F5)&IF(G5="","",CHAR(10)&CHAR(10)&G5)&IF(H5="","",CHAR(10)&CHAR(10)&H5)&IF(I5="","",CHAR(10)&CHAR(10)&I5) | K5: =LEN(J5)
A6: 3 | B6: sustain | C6: Main | D6: status · making · features + beneficiary · action | E6: =Lines!$C$8 | F6: =Inputs!$B$62 | G6: =Lines!$C$15&IF(Inputs!$B$55="",""," "&Lines!$C$16) | H6: =IF(Inputs!$B$18="draw",Lines!$C$18,Lines!$C$17) | I6: ="" | J6: =E6&IF(F6="","",CHAR(10)&CHAR(10)&F6)&IF(G6="","",CHAR(10)&CHAR(10)&G6)&IF(H6="","",CHAR(10)&CHAR(10)&H6) | K6: =LEN(J6)
A7: 4 | B7: sustain, the artist's words | C7: Main | D7: quote · status · features + beneficiary · action | E7: =IF(Inputs!$B$42="","(no quote given, post skipped)",Lines!$C$9) | F7: =IF(Inputs!$B$42="","",Lines!$C$10) | G7: =IF(Inputs!$B$42="","",Lines!$C$15&IF(Inputs!$B$55="",""," "&Lines!$C$16)) | H7: =IF(Inputs!$B$42="","",IF(Inputs!$B$18="draw",Lines!$C$18,Lines!$C$17)) | I7: ="" | J7: =IF(Inputs!$B$42="","(no quote given, post skipped)",E7&IF(F7="","",CHAR(10)&CHAR(10)&F7)&IF(G7="","",CHAR(10)&CHAR(10)&G7)&IF(H7="","",CHAR(10)&CHAR(10)&H7)) | K7: =LEN(J7)
A8: 5 | B8: live (timed only) | C8: Main + Insiders | D8: status · features + beneficiary · action | E8: =IF(Inputs!$B$18="draw","(not used for a draw)",Lines!$C$11) | F8: ="" | G8: =IF(Inputs!$B$18="draw","",Lines!$C$15&IF(Inputs!$B$55="",""," "&Lines!$C$16)) | H8: =IF(Inputs!$B$18="draw","",IF(Inputs!$B$18="draw",Lines!$C$20,Lines!$C$19)) | I8: ="" | J8: =IF(Inputs!$B$18="draw","(not used for a draw)",E8&IF(G8="","",CHAR(10)&CHAR(10)&G8)&IF(H8="","",CHAR(10)&CHAR(10)&H8)) | K8: =LEN(J8)
A9: 6 | B9: still time (timed only) | C9: Main + Insiders (the plan's Halfway through) | D9: status · features + beneficiary · action | E9: =IF(Inputs!$B$18="draw","(not used for a draw)",Lines!$C$12) | F9: ="" | G9: =IF(Inputs!$B$18="draw","",Lines!$C$15&IF(Inputs!$B$55="",""," "&Lines!$C$16)) | H9: =IF(Inputs!$B$18="draw","",IF(Inputs!$B$18="draw",Lines!$C$20,Lines!$C$19)) | I9: ="" | J9: =IF(Inputs!$B$18="draw","(not used for a draw)",E9&IF(G9="","",CHAR(10)&CHAR(10)&G9)&IF(H9="","",CHAR(10)&CHAR(10)&H9)) | K9: =LEN(J9)
A10: 7 | B10: last chance | C10: Main | D10: status · features + beneficiary · action | E10: =IF(Inputs!$B$18="draw",Lines!$C$14,Lines!$C$13) | F10: ="" | G10: =Lines!$C$15&IF(Inputs!$B$55="",""," "&Lines!$C$16) | H10: =IF(Inputs!$B$18="draw",Lines!$C$20,Lines!$C$19) | I10: ="" | J10: =E10&IF(G10="","",CHAR(10)&CHAR(10)&G10)&IF(H10="","",CHAR(10)&CHAR(10)&H10) | K10: =LEN(J10)

Sheet Tweets
A1: The tweets, assembled
A2: The post's status line with the X handle, the hook on the announcement only, the beneficiary named once, and an action line that ends with the link. No features line, no hashtag, no bio.
A3: # | B3: Tweet | C3: Made of | D3: Status line | E3: Substance | F3: Beneficiary line | G3: Action line | H3: Tweet | I3: Characters
A4: 1 | B4: coming soon | C4: status · action | D4: =Lines!$C$24 | E4: ="" | F4: ="" | G4: =Lines!$C$25 | H4: =D4&IF(G4="","",CHAR(10)&CHAR(10)&G4) | I4: =LEN(H4)
A5: 2 | B5: announce | C5: status · hook · beneficiary · action | D5: =SUBSTITUTE(IF(Inputs!$B$14="yes",Lines!$C$7,Lines!$C$6),Inputs!$B$45,Inputs!$B$46) | E5: =Inputs!$B$36 | F5: =IF(OR(Inputs!$B$22="",Inputs!$B$57),"",Lines!$C$26) | G5: =IF(Inputs!$B$18="draw",Lines!$C$28,Lines!$C$27) | H5: =D5&IF(E5="","",CHAR(10)&CHAR(10)&E5)&IF(F5="","",CHAR(10)&CHAR(10)&F5)&IF(G5="","",CHAR(10)&CHAR(10)&G5) | I5: =LEN(H5)
A6: 3 | B6: live (timed only) | C6: status · action | D6: =IF(Inputs!$B$18="draw","(not used for a draw)",SUBSTITUTE(Lines!$C$11,Inputs!$B$45,Inputs!$B$46)) | E6: ="" | F6: ="" | G6: =IF(Inputs!$B$18="draw","",IF(Inputs!$B$18="draw",Lines!$C$28,Lines!$C$29)) | H6: =IF(Inputs!$B$18="draw","(not used for a draw)",D6&IF(G6="","",CHAR(10)&CHAR(10)&G6)) | I6: =LEN(H6)
A7: 4 | B7: still time (timed only) | C7: status · action | D7: =IF(Inputs!$B$18="draw","(not used for a draw)",SUBSTITUTE(Lines!$C$12,Inputs!$B$45,Inputs!$B$46)) | E7: ="" | F7: ="" | G7: =IF(Inputs!$B$18="draw","",IF(Inputs!$B$18="draw",Lines!$C$28,Lines!$C$29)) | H7: =IF(Inputs!$B$18="draw","(not used for a draw)",D7&IF(G7="","",CHAR(10)&CHAR(10)&G7)) | I7: =LEN(H7)
A8: 5 | B8: last chance | C8: status · action | D8: =IF(Inputs!$B$18="draw",SUBSTITUTE(Lines!$C$14,Inputs!$B$45,Inputs!$B$46),SUBSTITUTE(Lines!$C$13,Inputs!$B$45,Inputs!$B$46)) | E8: ="" | F8: ="" | G8: =IF(Inputs!$B$18="draw",Lines!$C$28,Lines!$C$29) | H8: =D8&IF(G8="","",CHAR(10)&CHAR(10)&G8) | I8: =LEN(H8)

Sheet Emails
A1: The emails, assembled
A2: Every cell below is a formula over Inputs and Lines. Body paragraphs are the fixed sentences with the same hook, making and quote dropped in. The 'Used?' column says when a row does not apply to this release.
A3: # | B3: Email (comms plan name) | C3: For | D3: Used? | E3: Subject | F3: Preview | G3: Kicker | H3: Headline | I3: Body | J3: CTA | K3: Card | L3: Quote | M3: Footer | N3: Full email, ready to paste | O3: Characters
A4: 1 | B4: Announcement (TL Non-flow) · Announcement (LE) | C4: both | D4: ="yes" | E4: =IF($D4<>"yes","",Lines!$C$39) | F4: =IF($D4<>"yes","",IF(Inputs!$B$18="draw","Enter the draw for a chance to collect. Closes "&Inputs!$B$67&".","Launching "&Inputs!$B$63&". Register for updates.")) | G4: =IF($D4<>"yes","",IF(Inputs!$B$18="draw","Enter the draw","Launching "&Inputs!$B$63)) | H4: =IF($D4<>"yes","",IF(Inputs!$B$18="draw",Inputs!$B$52,Inputs!$B$52&" by "&Inputs!$B$4)) | I4: =IF($D4<>"yes","",(Lines!$C$40&IF(Inputs!$B$36="","",CHAR(10)&CHAR(10)&Inputs!$B$36)&IF(Inputs!$B$61="","",CHAR(10)&CHAR(10)&Inputs!$B$61)&IF(Inputs!$B$59="","",CHAR(10)&CHAR(10)&Inputs!$B$59)&IF(IF(Inputs!$B$18="draw",Lines!$C$33,(Lines!$C$41&IF(Lines!$C$42="","",CHAR(10)&CHAR(10)&Lines!$C$42)))="","",CHAR(10)&CHAR(10)&IF(Inputs!$B$18="draw",Lines!$C$33,(Lines!$C$41&IF(Lines!$C$42="","",CHAR(10)&CHAR(10)&Lines!$C$42)))))) | J4: =IF($D4<>"yes","",IF(Inputs!$B$18="draw","Enter the draw","Discover the collaboration")) | K4: =IF($D4<>"yes","",Inputs!$B$74) | L4: =IF($D4<>"yes","",Inputs!$B$75) | M4: =IF($D4<>"yes","",IF(Inputs!$B$18="draw","Collect "&Inputs!$B$71,"Launching "&Inputs!$B$63)) | N4: =IF(D4<>"yes",D4,IF(E4="","","Subject: "&E4)&IF(F4="","",CHAR(10)&"Preview: "&F4)&IF(G4="","",CHAR(10)&"Kicker: "&G4)&IF(H4="","",CHAR(10)&"Headline: "&H4)&IF(I4="","",IF(E4&F4&G4&H4="","",CHAR(10)&CHAR(10))&I4)&IF(J4="","",CHAR(10)&CHAR(10)&"CTA: "&J4)&IF(K4="","",CHAR(10)&CHAR(10)&"Card: "&K4)&IF(L4="","",CHAR(10)&CHAR(10)&"Quote: "&L4)&IF(M4="","",CHAR(10)&CHAR(10)&"Footer: "&M4)) | O4: =LEN(N4)
A5: 2 | B5: Welcome (TL Flow) | C5: timed | D5: =IF(Inputs!$B$18="draw","(not used for a draw)","yes") | E5: =IF($D5<>"yes","","Welcome to Avant Arte") | F5: =IF($D5<>"yes","","Where the art world is more accessible.") | G5: ="" | H5: ="" | I5: =IF($D5<>"yes","",(Lines!$C$44&IF(Lines!$C$45="","",CHAR(10)&CHAR(10)&Lines!$C$45)&IF(Lines!$C$46="","",CHAR(10)&CHAR(10)&Lines!$C$46)&IF(Lines!$C$47="","",CHAR(10)&CHAR(10)&Lines!$C$47))) | J5: =IF($D5<>"yes","","Complete collector profile") | K5: ="" | L5: ="" | M5: =IF($D5<>"yes","","Where the art world is more accessible") | N5: =IF(D5<>"yes",D5,IF(E5="","","Subject: "&E5)&IF(F5="","",CHAR(10)&"Preview: "&F5)&IF(G5="","",CHAR(10)&"Kicker: "&G5)&IF(H5="","",CHAR(10)&"Headline: "&H5)&IF(I5="","",IF(E5&F5&G5&H5="","",CHAR(10)&CHAR(10))&I5)&IF(J5="","",CHAR(10)&CHAR(10)&"CTA: "&J5)&IF(K5="","",CHAR(10)&CHAR(10)&"Card: "&K5)&IF(L5="","",CHAR(10)&CHAR(10)&"Quote: "&L5)&IF(M5="","",CHAR(10)&CHAR(10)&"Footer: "&M5)) | O5: =LEN(N5)
A6: 3 | B6: Early Access (TL Flow) | C6: timed | D6: =IF(Inputs!$B$18="draw","(not used for a draw)","yes") | E6: =IF($D6<>"yes","",Inputs!$B$4&" – Early access 🔓") | F6: =IF($D6<>"yes","","Collect 24 hours before everyone else.") | G6: ="" | H6: ="" | I6: =IF($D6<>"yes","",(Lines!$C$31&IF(Lines!$C$49="","",CHAR(10)&CHAR(10)&Lines!$C$49)&IF(Inputs!$B$36="","",CHAR(10)&CHAR(10)&Inputs!$B$36)&IF(Inputs!$B$60="","",CHAR(10)&CHAR(10)&Inputs!$B$60)&IF(Lines!$C$50="","",CHAR(10)&CHAR(10)&Lines!$C$50)&IF(IF(Inputs!$B$26="","",Lines!$C$36)="","",CHAR(10)&CHAR(10)&IF(Inputs!$B$26="","",Lines!$C$36))&IF(Lines!$C$52="","",CHAR(10)&CHAR(10)&Lines!$C$52))) | J6: =IF($D6<>"yes","","Unlock early access") | K6: ="" | L6: ="" | M6: =IF($D6<>"yes","","24 hours ahead of the public launch") | N6: =IF(D6<>"yes",D6,IF(E6="","","Subject: "&E6)&IF(F6="","",CHAR(10)&"Preview: "&F6)&IF(G6="","",CHAR(10)&"Kicker: "&G6)&IF(H6="","",CHAR(10)&"Headline: "&H6)&IF(I6="","",IF(E6&F6&G6&H6="","",CHAR(10)&CHAR(10))&I6)&IF(J6="","",CHAR(10)&CHAR(10)&"CTA: "&J6)&IF(K6="","",CHAR(10)&CHAR(10)&"Card: "&K6)&IF(L6="","",CHAR(10)&CHAR(10)&"Quote: "&L6)&IF(M6="","",CHAR(10)&CHAR(10)&"Footer: "&M6)) | O6: =LEN(N6)
A7: 4 | B7: Early access (TL Artist PP Non Flow) | C7: timed | D7: =IF(Inputs!$B$18="draw","(not used for a draw)","yes") | E7: =IF($D7<>"yes","",Inputs!$B$4&" – Early access for past collectors") | F7: =IF($D7<>"yes","","Order before everyone else.") | G7: ="" | H7: ="" | I7: =IF($D7<>"yes","",(Lines!$C$31&IF(Lines!$C$49="","",CHAR(10)&CHAR(10)&Lines!$C$49)&IF(Inputs!$B$36="","",CHAR(10)&CHAR(10)&Inputs!$B$36)&IF(Inputs!$B$60="","",CHAR(10)&CHAR(10)&Inputs!$B$60)&IF(Lines!$C$51="","",CHAR(10)&CHAR(10)&Lines!$C$51)&IF(Lines!$C$52="","",CHAR(10)&CHAR(10)&Lines!$C$52)&IF(Lines!$C$34="","",CHAR(10)&CHAR(10)&Lines!$C$34)&IF(Lines!$C$32="","",CHAR(10)&CHAR(10)&Lines!$C$32))) | J7: =IF($D7<>"yes","","Unlock early access") | K7: =IF($D7<>"yes","",Inputs!$B$74) | L7: ="" | M7: =IF($D7<>"yes","","24 hours ahead of the public launch") | N7: =IF(D7<>"yes",D7,IF(E7="","","Subject: "&E7)&IF(F7="","",CHAR(10)&"Preview: "&F7)&IF(G7="","",CHAR(10)&"Kicker: "&G7)&IF(H7="","",CHAR(10)&"Headline: "&H7)&IF(I7="","",IF(E7&F7&G7&H7="","",CHAR(10)&CHAR(10))&I7)&IF(J7="","",CHAR(10)&CHAR(10)&"CTA: "&J7)&IF(K7="","",CHAR(10)&CHAR(10)&"Card: "&K7)&IF(L7="","",CHAR(10)&CHAR(10)&"Quote: "&L7)&IF(M7="","",CHAR(10)&CHAR(10)&"Footer: "&M7)) | O7: =LEN(N7)
A8: 5 | B8: Early Access (TL Insiders) · Early Access (LE Insiders), signed by the advisor | C8: both | D8: ="yes" | E8: =IF($D8<>"yes","",Inputs!$B$4&" – Early access for Insiders 🔓") | F8: =IF($D8<>"yes","",IF(Inputs!$B$18="draw","A first look, plus early access to a limited number of pre-orders.","Collect 24 hours before everyone else.")) | G8: ="" | H8: ="" | I8: =IF($D8<>"yes","",(Lines!$C$31&IF(Lines!$C$56="","",CHAR(10)&CHAR(10)&Lines!$C$56)&IF(Inputs!$B$36="","",CHAR(10)&CHAR(10)&Inputs!$B$36)&IF(IF(Inputs!$B$18="draw",Lines!$C$57,Lines!$C$58)="","",CHAR(10)&CHAR(10)&IF(Inputs!$B$18="draw",Lines!$C$57,Lines!$C$58))&IF(IF(Inputs!$B$18="draw",Lines!$C$59,Lines!$C$60)="","",CHAR(10)&CHAR(10)&IF(Inputs!$B$18="draw",Lines!$C$59,Lines!$C$60))&IF(Lines!$C$32="","",CHAR(10)&CHAR(10)&Lines!$C$32)&IF(Lines!$C$61="","",CHAR(10)&CHAR(10)&Lines!$C$61))) | J8: =IF($D8<>"yes","","Unlock early access") | K8: =IF($D8<>"yes","",Inputs!$B$74) | L8: ="" | M8: =IF($D8<>"yes","",IF(Inputs!$B$18="draw","Especially for you.","24 hours ahead of the public launch")) | N8: =IF(D8<>"yes",D8,IF(E8="","","Subject: "&E8)&IF(F8="","",CHAR(10)&"Preview: "&F8)&IF(G8="","",CHAR(10)&"Kicker: "&G8)&IF(H8="","",CHAR(10)&"Headline: "&H8)&IF(I8="","",IF(E8&F8&G8&H8="","",CHAR(10)&CHAR(10))&I8)&IF(J8="","",CHAR(10)&CHAR(10)&"CTA: "&J8)&IF(K8="","",CHAR(10)&CHAR(10)&"Card: "&K8)&IF(L8="","",CHAR(10)&CHAR(10)&"Quote: "&L8)&IF(M8="","",CHAR(10)&CHAR(10)&"Footer: "&M8)) | O8: =LEN(N8)
A9: 6 | B9: Early/Exclusive access (LE) | C9: draw | D9: =IF(Inputs!$B$18="draw","yes","(not used for a timed edition)") | E9: =IF($D9<>"yes","",Inputs!$B$4&" – Early access 🔓") | F9: =IF($D9<>"yes","","A first look, plus access to a limited number of pre-orders.") | G9: ="" | H9: ="" | I9: =IF($D9<>"yes","",(Lines!$C$31&IF(Lines!$C$53="","",CHAR(10)&CHAR(10)&Lines!$C$53)&IF(Inputs!$B$36="","",CHAR(10)&CHAR(10)&Inputs!$B$36)&IF(Lines!$C$54="","",CHAR(10)&CHAR(10)&Lines!$C$54)&IF(Lines!$C$55="","",CHAR(10)&CHAR(10)&Lines!$C$55)&IF(Lines!$C$34="","",CHAR(10)&CHAR(10)&Lines!$C$34)&IF(Lines!$C$32="","",CHAR(10)&CHAR(10)&Lines!$C$32))) | J9: =IF($D9<>"yes","","Unlock early access") | K9: =IF($D9<>"yes","",Inputs!$B$74) | L9: ="" | M9: =IF($D9<>"yes","","Especially for you.") | N9: =IF(D9<>"yes",D9,IF(E9="","","Subject: "&E9)&IF(F9="","",CHAR(10)&"Preview: "&F9)&IF(G9="","",CHAR(10)&"Kicker: "&G9)&IF(H9="","",CHAR(10)&"Headline: "&H9)&IF(I9="","",IF(E9&F9&G9&H9="","",CHAR(10)&CHAR(10))&I9)&IF(J9="","",CHAR(10)&CHAR(10)&"CTA: "&J9)&IF(K9="","",CHAR(10)&CHAR(10)&"Card: "&K9)&IF(L9="","",CHAR(10)&CHAR(10)&"Quote: "&L9)&IF(M9="","",CHAR(10)&CHAR(10)&"Footer: "&M9)) | O9: =LEN(N9)
A10: 7 | B10: Now Live (TL Flow) · Now Live (TL Non-flow) | C10: timed | D10: =IF(Inputs!$B$18="draw","(not used for a draw)","yes") | E10: =IF($D10<>"yes","",Inputs!$B$4&" – Available now, for "&Inputs!$B$19&" only") | F10: =IF($D10<>"yes","",Inputs!$B$73&", starting now.") | G10: =IF($D10<>"yes","",Lines!$C$35) | H10: =IF($D10<>"yes","",Inputs!$B$73&", starting now") | I10: =IF($D10<>"yes","",(Lines!$C$63&IF(Inputs!$B$36="","",CHAR(10)&CHAR(10)&Inputs!$B$36)&IF(Inputs!$B$61="","",CHAR(10)&CHAR(10)&Inputs!$B$61)&IF(Inputs!$B$60="","",CHAR(10)&CHAR(10)&Inputs!$B$60)&IF(Lines!$C$64="","",CHAR(10)&CHAR(10)&Lines!$C$64)&IF(IF(Inputs!$B$26="","",Lines!$C$36)="","",CHAR(10)&CHAR(10)&IF(Inputs!$B$26="","",Lines!$C$36)))) | J10: =IF($D10<>"yes","","Buy now") | K10: =IF($D10<>"yes","",Inputs!$B$74) | L10: =IF($D10<>"yes","",Inputs!$B$75) | M10: =IF($D10<>"yes","","Collect "&Inputs!$B$71) | N10: =IF(D10<>"yes",D10,IF(E10="","","Subject: "&E10)&IF(F10="","",CHAR(10)&"Preview: "&F10)&IF(G10="","",CHAR(10)&"Kicker: "&G10)&IF(H10="","",CHAR(10)&"Headline: "&H10)&IF(I10="","",IF(E10&F10&G10&H10="","",CHAR(10)&CHAR(10))&I10)&IF(J10="","",CHAR(10)&CHAR(10)&"CTA: "&J10)&IF(K10="","",CHAR(10)&CHAR(10)&"Card: "&K10)&IF(L10="","",CHAR(10)&CHAR(10)&"Quote: "&L10)&IF(M10="","",CHAR(10)&CHAR(10)&"Footer: "&M10)) | O10: =LEN(N10)
A11: 8 | B11: Halfway (TL Flow) | C11: timed, 48 hours | D11: =IF(Inputs!$B$18="draw","(not used for a draw)",IF(Inputs!$B$19="48 hours","yes","(48-hour windows only; a one-week window gets the 5 days and 3 days emails)")) | E11: =IF($D11<>"yes","",Inputs!$B$4&" – 24 hours to go") | F11: ="" | G11: =IF($D11<>"yes","",Lines!$C$35) | H11: =IF($D11<>"yes","",Lines!$C$65) | I11: ="" | J11: =IF($D11<>"yes","","Buy now") | K11: ="" | L11: ="" | M11: =IF($D11<>"yes","",Lines!$C$66) | N11: =IF(D11<>"yes",D11,IF(E11="","","Subject: "&E11)&IF(F11="","",CHAR(10)&"Preview: "&F11)&IF(G11="","",CHAR(10)&"Kicker: "&G11)&IF(H11="","",CHAR(10)&"Headline: "&H11)&IF(I11="","",IF(E11&F11&G11&H11="","",CHAR(10)&CHAR(10))&I11)&IF(J11="","",CHAR(10)&CHAR(10)&"CTA: "&J11)&IF(K11="","",CHAR(10)&CHAR(10)&"Card: "&K11)&IF(L11="","",CHAR(10)&CHAR(10)&"Quote: "&L11)&IF(M11="","",CHAR(10)&CHAR(10)&"Footer: "&M11)) | O11: =LEN(N11)
A12: 9 | B12: 5 days to go (TL Flow) | C12: timed, one week | D12: =IF(Inputs!$B$18="draw","(not used for a draw)",IF(Inputs!$B$19="48 hours","(one-week windows only; a 48-hour window gets the halfway email)","yes")) | E12: =IF($D12<>"yes","",Inputs!$B$4&" – 5 days left") | F12: ="" | G12: =IF($D12<>"yes","",Lines!$C$35) | H12: =IF($D12<>"yes","",Lines!$C$67) | I12: ="" | J12: =IF($D12<>"yes","","Buy "&Inputs!$B$48) | K12: ="" | L12: ="" | M12: =IF($D12<>"yes","",Lines!$C$71) | N12: =IF(D12<>"yes",D12,IF(E12="","","Subject: "&E12)&IF(F12="","",CHAR(10)&"Preview: "&F12)&IF(G12="","",CHAR(10)&"Kicker: "&G12)&IF(H12="","",CHAR(10)&"Headline: "&H12)&IF(I12="","",IF(E12&F12&G12&H12="","",CHAR(10)&CHAR(10))&I12)&IF(J12="","",CHAR(10)&CHAR(10)&"CTA: "&J12)&IF(K12="","",CHAR(10)&CHAR(10)&"Card: "&K12)&IF(L12="","",CHAR(10)&CHAR(10)&"Quote: "&L12)&IF(M12="","",CHAR(10)&CHAR(10)&"Footer: "&M12)) | O12: =LEN(N12)
A13: 10 | B13: 3 days to go (TL Flow) | C13: timed, one week | D13: =IF(Inputs!$B$18="draw","(not used for a draw)",IF(Inputs!$B$19="48 hours","(one-week windows only; a 48-hour window gets the halfway email)","yes")) | E13: =IF($D13<>"yes","",Inputs!$B$4&" – 3 days to go") | F13: ="" | G13: =IF($D13<>"yes","",Inputs!$B$52&" by "&Inputs!$B$4) | H13: =IF($D13<>"yes","",Lines!$C$68) | I13: =IF($D13<>"yes","",(Lines!$C$69&IF(Inputs!$B$36="","",CHAR(10)&CHAR(10)&Inputs!$B$36)&IF(Lines!$C$70="","",CHAR(10)&CHAR(10)&Lines!$C$70)&IF(IF(Inputs!$B$26="","",Lines!$C$37)="","",CHAR(10)&CHAR(10)&IF(Inputs!$B$26="","",Lines!$C$37)))) | J13: =IF($D13<>"yes","","Buy "&Inputs!$B$48) | K13: =IF($D13<>"yes","",Inputs!$B$74) | L13: ="" | M13: =IF($D13<>"yes","",Lines!$C$71) | N13: =IF(D13<>"yes",D13,IF(E13="","","Subject: "&E13)&IF(F13="","",CHAR(10)&"Preview: "&F13)&IF(G13="","",CHAR(10)&"Kicker: "&G13)&IF(H13="","",CHAR(10)&"Headline: "&H13)&IF(I13="","",IF(E13&F13&G13&H13="","",CHAR(10)&CHAR(10))&I13)&IF(J13="","",CHAR(10)&CHAR(10)&"CTA: "&J13)&IF(K13="","",CHAR(10)&CHAR(10)&"Card: "&K13)&IF(L13="","",CHAR(10)&CHAR(10)&"Quote: "&L13)&IF(M13="","",CHAR(10)&CHAR(10)&"Footer: "&M13)) | O13: =LEN(N13)
A14: 11 | B14: Last chance (TL Flow) · Last chance (LE) | C14: both | D14: ="yes" | E14: =IF($D14<>"yes","",Inputs!$B$4&" – Last chance to "&IF(Inputs!$B$18="draw","enter the draw","collect")) | F14: =IF($D14<>"yes","",IF(Inputs!$B$18="draw","The draw closes at "&Inputs!$B$68&" on "&Inputs!$B$67&".","Time is almost up.")) | G14: =IF($D14<>"yes","",Inputs!$B$4) | H14: =IF($D14<>"yes","",IF(Inputs!$B$18="draw","Last chance to enter the draw","Last chance to collect")) | I14: =IF($D14<>"yes","",IF(Inputs!$B$18="draw",(Lines!$C$75&IF(Inputs!$B$36="","",CHAR(10)&CHAR(10)&Inputs!$B$36)&IF(Lines!$C$76="","",CHAR(10)&CHAR(10)&Lines!$C$76)),(Lines!$C$73&IF(Lines!$C$74="","",CHAR(10)&CHAR(10)&Lines!$C$74)&IF(IF(Inputs!$B$26="","",Lines!$C$37)="","",CHAR(10)&CHAR(10)&IF(Inputs!$B$26="","",Lines!$C$37))))) | J14: =IF($D14<>"yes","",IF(Inputs!$B$18="draw","Enter the draw","Buy now")) | K14: =IF($D14<>"yes","",Inputs!$B$74) | L14: ="" | M14: =IF($D14<>"yes","","Time is almost up") | N14: =IF(D14<>"yes",D14,IF(E14="","","Subject: "&E14)&IF(F14="","",CHAR(10)&"Preview: "&F14)&IF(G14="","",CHAR(10)&"Kicker: "&G14)&IF(H14="","",CHAR(10)&"Headline: "&H14)&IF(I14="","",IF(E14&F14&G14&H14="","",CHAR(10)&CHAR(10))&I14)&IF(J14="","",CHAR(10)&CHAR(10)&"CTA: "&J14)&IF(K14="","",CHAR(10)&CHAR(10)&"Card: "&K14)&IF(L14="","",CHAR(10)&CHAR(10)&"Quote: "&L14)&IF(M14="","",CHAR(10)&CHAR(10)&"Footer: "&M14)) | O14: =LEN(N14)
A15: 12 | B15: First-time collector survey (LE) | C15: draw, after the draw closes | D15: =IF(Inputs!$B$18="draw","yes","(not used for a timed edition)") | E15: =IF($D15<>"yes","",Lines!$C$78) | F15: ="" | G15: ="" | H15: ="" | I15: =IF($D15<>"yes","",(Lines!$C$31&IF(Lines!$C$79="","",CHAR(10)&CHAR(10)&Lines!$C$79)&IF(Lines!$C$80="","",CHAR(10)&CHAR(10)&Lines!$C$80)&IF(Lines!$C$81="","",CHAR(10)&CHAR(10)&Lines!$C$81)&IF(Lines!$C$82="","",CHAR(10)&CHAR(10)&Lines!$C$82))) | J15: =IF($D15<>"yes","","Complete survey") | K15: =IF($D15<>"yes","",Inputs!$B$4) | L15: ="" | M15: ="" | N15: =IF(D15<>"yes",D15,IF(E15="","","Subject: "&E15)&IF(F15="","",CHAR(10)&"Preview: "&F15)&IF(G15="","",CHAR(10)&"Kicker: "&G15)&IF(H15="","",CHAR(10)&"Headline: "&H15)&IF(I15="","",IF(E15&F15&G15&H15="","",CHAR(10)&CHAR(10))&I15)&IF(J15="","",CHAR(10)&CHAR(10)&"CTA: "&J15)&IF(K15="","",CHAR(10)&CHAR(10)&"Card: "&K15)&IF(L15="","",CHAR(10)&CHAR(10)&"Quote: "&L15)&IF(M15="","",CHAR(10)&CHAR(10)&"Footer: "&M15)) | O15: =LEN(N15)
A16: 13 | B16: Non-purchaser survey (LE) | C16: draw, after the draw closes | D16: =IF(Inputs!$B$18="draw","yes","(not used for a timed edition)") | E16: =IF($D16<>"yes","",Inputs!$B$4&" – Any feedback?") | F16: ="" | G16: =IF($D16<>"yes","","Your feedback") | H16: =IF($D16<>"yes","",Inputs!$B$4) | I16: =IF($D16<>"yes","",(Lines!$C$83&IF(Lines!$C$84="","",CHAR(10)&CHAR(10)&Lines!$C$84)&IF(Lines!$C$85="","",CHAR(10)&CHAR(10)&Lines!$C$85)&IF(Lines!$C$86="","",CHAR(10)&CHAR(10)&Lines!$C$86))) | J16: =IF($D16<>"yes","","Complete survey") | K16: ="" | L16: ="" | M16: =IF($D16<>"yes","",Lines!$C$87) | N16: =IF(D16<>"yes",D16,IF(E16="","","Subject: "&E16)&IF(F16="","",CHAR(10)&"Preview: "&F16)&IF(G16="","",CHAR(10)&"Kicker: "&G16)&IF(H16="","",CHAR(10)&"Headline: "&H16)&IF(I16="","",IF(E16&F16&G16&H16="","",CHAR(10)&CHAR(10))&I16)&IF(J16="","",CHAR(10)&CHAR(10)&"CTA: "&J16)&IF(K16="","",CHAR(10)&CHAR(10)&"Card: "&K16)&IF(L16="","",CHAR(10)&CHAR(10)&"Quote: "&L16)&IF(M16="","",CHAR(10)&CHAR(10)&"Footer: "&M16)) | O16: =LEN(N16)
A17: 14 | B17: Monthly Preview · this release's paragraph | C17: both; the advisor's monthly email is one paragraph per release, this is this release's | D17: ="yes" | E17: ="" | F17: ="" | G17: ="" | H17: ="" | I17: =IF($D17<>"yes","",(Lines!$C$89&IF(Inputs!$B$36="","",CHAR(10)&CHAR(10)&Inputs!$B$36)&IF(Inputs!$B$61="","",CHAR(10)&CHAR(10)&Inputs!$B$61)&IF(IF(Inputs!$B$18="draw",Lines!$C$90,Lines!$C$91)="","",CHAR(10)&CHAR(10)&IF(Inputs!$B$18="draw",Lines!$C$90,Lines!$C$91)))) | J17: ="" | K17: ="" | L17: ="" | M17: ="" | N17: =IF(D17<>"yes",D17,IF(E17="","","Subject: "&E17)&IF(F17="","",CHAR(10)&"Preview: "&F17)&IF(G17="","",CHAR(10)&"Kicker: "&G17)&IF(H17="","",CHAR(10)&"Headline: "&H17)&IF(I17="","",IF(E17&F17&G17&H17="","",CHAR(10)&CHAR(10))&I17)&IF(J17="","",CHAR(10)&CHAR(10)&"CTA: "&J17)&IF(K17="","",CHAR(10)&CHAR(10)&"Card: "&K17)&IF(L17="","",CHAR(10)&CHAR(10)&"Quote: "&L17)&IF(M17="","",CHAR(10)&CHAR(10)&"Footer: "&M17)) | O17: =LEN(N17)

Sheet Rules
A1: The system on one page
A3: What it covers | B3: Every post on our own Instagram feed and the Insiders account, the tweets, and the emails in the comms plan: Announcement (TL and LE), Welcome, Early Access (TL Flow, TL Artist PP, Insiders TL and LE, LE early/exclusive), Now Live, Halfway, 5 days to go, 3 days to go, Last chance (TL and LE), the two LE surveys, and this release's paragraph for the Monthly Preview. The artist's own email is rare and stays hand-written.
A4: Skeleton, posts | B4: Every post is: status line, substance, features line, action line, and a hashtag on the announcement only. Coming Soon opens with the bio.
A5: Insiders | B5: The Insiders account posts the same caption as the main feed. The plan says which: Announcement, Now Live and Halfway for a timed edition, Announcement for a draw. The Channels column on Posts carries this. Stories are image-led and stay outside the sheet.
A6: Twitter | B6: A tweet is the post's status line with the X handle, the hook on the announcement only, the beneficiary named once, and an action line that ends with the link: sign up for updates, enter the draw, or buy a print. No features line, no hashtag, no bio. Same deadline form. Coming soon names the artist and not the work.
A7: Skeleton, emails | B7: Every email is: subject, preview, kicker, headline, body paragraphs, CTA, card, quote, footer. Bodies are fixed sentences from the Lines sheet with the same fragments dropped in. Halfway and 5 days to go have no body: they are image-led.
A8: The hook carries the voice | B8: The hook is where a release sounds like itself, and it can be as editorial as the writer likes: 'Folklore says a changeling is a child swapped at birth for something not quite human. Grayson Perry's version is the generation raised by screens, and he means it to disturb.' The one test is that it must read as well in the middle of an email as at the top of a post, because it appears in 16 slots and most of them are middle paragraphs. That rules out a sentence which assumes it is opening: a rhetorical question, or an aside about the artist that never describes the work.
A9: Naming the work | B9: The opener's tail is the title (single print only), the edition phrase, and the qualifier if one is written: 'The Changeling, a new limited edition print'; 'a quartet of new limited edition prints spanning five decades of the artist's career'; 'six new limited edition prints from his iconic Dream House series'. A pair or a quartet takes no title; the hook names the work. The same tail is used by the Insiders email, LE early access, Now Live and the Monthly Preview paragraph.
A10: Fragments | B10: Four per release, written once: bio (2 to 3 sentences, Coming Soon only), hook (2 to 3 sentences about the work, in every post and email), making (one sentence on how it was made), quote (verbatim). The hook and bio must not repeat each other.
A11: Voice | B11: Fragments never say we or our, and the making line says 'printmakers at Make-Ready' so the sheet can add 'our'. The hook may name the artist. The Insiders email and the first-time survey are signed by the advisor named on Inputs. Features never say 'our'.
A12: Who and what | B12: 'by {artist}' is always the artist. 'collaboration with {collab_with}' is the artist's name, or the estate. 'unit' is what one is called (print, embroidery, sculpture), and the sheet writes 'a print' or 'an embroidery' wherever a line names one.
A13: Features | B13: The standard three (signed by the artist, individually numbered, free worldwide shipping) plus anything bespoke: framed, a set offer, a partner credit. One line of short sentences in a post, a list in an email. The beneficiary follows, named once.
A14: Beneficiary | B14: One phrase everywhere: 'released in support of'. It goes in the opener unless the hook already names the beneficiary.
... A20: How to use | B20: Fill the blue cells on Inputs. Read Posts, Tweets and Emails. To change the house wording, edit the blue cells on Lines once.
